{
    "loss": [
        12.334044456481934,
        14.08717155456543,
        14.669987678527832,
        14.633050918579102,
        15.505997657775879
    ],
    "auc_4": [
        0.6227800846099854,
        0.6862055659294128,
        0.6915063858032227,
        0.6911847591400146,
        0.6886156797409058
    ],
    "auc_5": [
        0.21828293800354004,
        0.25662341713905334,
        0.27799564599990845,
        0.26129111647605896,
        0.265255868434906
    ],
    "val_loss": [
        12.667723655700684,
        15.056920051574707,
        16.396257400512695,
        17.440183639526367,
        18.32649803161621
    ],
    "val_auc_4": [
        0.6413807272911072,
        0.6378331184387207,
        0.6439066529273987,
        0.6419544816017151,
        0.6429201364517212
    ],
    "val_auc_5": [
        0.23078219592571259,
        0.22082288563251495,
        0.2254050374031067,
        0.2135382741689682,
        0.21451467275619507
    ],
    "lr": [
        0.0010000000474974513,
        0.0010000000474974513,
        0.0010000000474974513,
        0.0010000000474974513,
        0.0010000000474974513
    ],
    "finished": true,
    "score": [
        19.044710159301758,
        0.6460351943969727,
        0.26385894417762756
    ]
}