{
    "loss": [
        1.8137593269348145,
        1.576322317123413,
        1.398484468460083,
        1.2352243661880493,
        1.1073614358901978
    ],
    "accuracy": [
        0.390262633562088,
        0.4525088369846344,
        0.5181999802589417,
        0.5691906213760376,
        0.5985255837440491
    ],
    "val_loss": [
        2.2317676544189453,
        2.587902069091797,
        3.026679515838623,
        3.0577306747436523,
        3.3147239685058594
    ],
    "val_accuracy": [
        0.2864101231098175,
        0.2756941020488739,
        0.28300049901008606,
        0.27325865626335144,
        0.2756941020488739
    ],
    "lr": [
        0.0010000000474974513,
        0.0010000000474974513,
        0.0010000000474974513,
        0.0010000000474974513,
        0.0010000000474974513
    ],
    "finished": true
}