{
    "loss": [
        0.20228461921215057,
        0.13717161118984222,
        0.12314295768737793,
        0.0942632183432579,
        0.07558345794677734
    ],
    "auc_2": [
        0.7597775459289551,
        0.886059045791626,
        0.9244322180747986,
        0.9601970911026001,
        0.9735322594642639
    ],
    "auc_3": [
        0.21838195621967316,
        0.5246959328651428,
        0.5290137529373169,
        0.7154638171195984,
        0.8079134821891785
    ],
    "lr": [
        0.0010000000474974513,
        0.0010000000474974513,
        0.0010000000474974513,
        0.0010000000474974513,
        0.0010000000474974513
    ],
    "finished": true,
    "score": [
        0.28474223613739014,
        0.5637025833129883,
        0.027103759348392487
    ]
}