{
    "loss": [
        0.16448844969272614,
        0.12855836749076843,
        0.11693630367517471,
        0.11558887362480164,
        0.10231443494558334
    ],
    "auc": [
        0.736911416053772,
        0.7901445031166077,
        0.8146975636482239,
        0.7950760126113892,
        0.8841459155082703
    ],
    "auc_1": [
        0.12818971276283264,
        0.2514507472515106,
        0.3828285336494446,
        0.41003990173339844,
        0.48639941215515137
    ],
    "val_loss": [
        0.2566990852355957,
        0.2745034992694855,
        0.25804397463798523,
        0.22911764681339264,
        0.22092939913272858
    ],
    "val_auc": [
        0.6909284591674805,
        0.708802342414856,
        0.7741725444793701,
        0.8065164685249329,
        0.8210447430610657
    ],
    "val_auc_1": [
        0.11197873950004578,
        0.14602792263031006,
        0.1956888735294342,
        0.19884832203388214,
        0.33241981267929077
    ],
    "lr": [
        0.0010000000474974513,
        0.0010000000474974513,
        0.0010000000474974513,
        0.0010000000474974513,
        0.0010000000474974513
    ],
    "finished": true,
    "score": [
        0.10656595975160599,
        0.8641465902328491,
        0.31452175974845886
    ]
}