{
    "loss": [
        0.20260387659072876,
        0.15685933828353882,
        0.1348450928926468
    ],
    "auc": [
        0.7056554555892944,
        0.7586597204208374,
        0.8155806660652161
    ],
    "auc_1": [
        0.10103190690279007,
        0.1985863745212555,
        0.3934503495693207
    ],
    "val_loss": [
        0.24352674186229706,
        0.25516465306282043,
        0.24636073410511017
    ],
    "val_auc": [
        0.8191491961479187,
        0.8457174897193909,
        0.8431413769721985
    ],
    "val_auc_1": [
        0.17559653520584106,
        0.27318406105041504,
        0.36032140254974365
    ],
    "lr": [
        0.0010000000474974513,
        0.0010000000474974513,
        0.0010000000474974513
    ]
}