{
    "loss": [
        0.18711377680301666,
        0.14152663946151733,
        0.11633744835853577,
        0.09917200356721878,
        0.11175470054149628
    ],
    "auc": [
        0.7586259841918945,
        0.8684936165809631,
        0.918787956237793,
        0.9313992261886597,
        0.9320964217185974
    ],
    "auc_1": [
        0.20057374238967896,
        0.3368876874446869,
        0.5368055105209351,
        0.6360592842102051,
        0.5482471585273743
    ],
    "lr": [
        0.0010000000474974513,
        0.0010000000474974513,
        0.0010000000474974513,
        0.0010000000474974513,
        0.0010000000474974513
    ],
    "finished": true,
    "score": [
        0.12497211247682571,
        0.9087468385696411,
        0.4387904703617096
    ]
}