{
    "loss": [
        0.5743802785873413,
        0.3000965416431427,
        0.35824355483055115,
        0.20481464266777039,
        0.18548832833766937
    ],
    "auc_2": [
        0.6851851344108582,
        0.9472934603691101,
        0.8905817866325378,
        0.9750692844390869,
        0.945868968963623
    ],
    "auc_3": [
        0.6031047105789185,
        0.9104804992675781,
        0.8114237189292908,
        0.9600292444229126,
        0.9544141292572021
    ],
    "val_loss": [
        0.5127763748168945,
        0.4795614778995514,
        0.5308961868286133,
        0.48721742630004883,
        0.6639019846916199
    ],
    "val_auc_2": [
        0.7999999523162842,
        0.8230769038200378,
        0.8076923489570618,
        0.8461537957191467,
        0.800000011920929
    ],
    "val_auc_3": [
        0.4407389163970947,
        0.4736884832382202,
        0.47407811880111694,
        0.5039927959442139,
        0.5744826197624207
    ],
    "lr": [
        0.0010000000474974513,
        0.0010000000474974513,
        0.0010000000474974513,
        0.0010000000474974513,
        0.0010000000474974513
    ],
    "finished": true
}